{
    "loss": 1.1851791143417358,
    "accuracy": 0.8278205990791321
}